{
  "rmse": 0.10312682688464689,
  "mae": 0.08710594350510885,
  "mape": 9.405660839680616,
  "n_test": 30
}