{
  "rmse": 0.10082374249580968,
  "mae": 0.0846401520340159,
  "mape": 9.131575328236911,
  "n_test": 30
}